"period","reporter_iso","reporter_desc","share_CHN","share_USA","more_with_china"
2000,"A59","North America and Central America, nes",2.39581172652892e-05,NA,NA
2000,"A79","LAIA, nes",0.000133471245371341,NA,NA
2000,"ABW","Aruba",0.00393837477588451,0.58431008486518,0
2000,"AFG","Afghanistan",0.0350366947906449,0.0123804401962239,1
2000,"AGO","Angola",0.192997620007671,0.388846974066222,0
2000,"AIA","Anguilla",0.000493555153601679,0.547982775911492,0
2000,"ALB","Albania",0.0109247892769216,0.0176910009688997,0
2000,"AND","Andorra",0.00554090301313751,0.0138153844799547,0
2000,"ANT","Netherlands Antilles (...2010)",0.00530577956873807,0.222001049949561,0
2000,"ARE","United Arab Emirates",0.027713976122142,0.0345098031528626,0
2000,"ARG","Argentina",0.0340991525078093,0.153501930712561,0
2000,"ARM","Armenia",0.0035424231641184,0.110283776392591,0
2000,"ATF","Fr. South Antarctic Terr.",NA,0.104772428974508,NA
2000,"ATG","Antigua and Barbuda",0.00149824896225897,0.203922741883642,0
2000,"AUS","Australia",0.0639909649043595,0.144489112779283,0
2000,"AUT","Austria",0.00923823361092509,0.0498364979006131,0
2000,"AZE","Azerbaijan",0.00565241182895547,0.0589868610890904,0
2000,"BDI","Burundi",0.0353923261210995,0.0349035991557761,1
2000,"BEL","Belgium",0.0127352519940297,0.0710519248437246,0
2000,"BEN","Benin",0.168231451710563,0.0200931788626877,1
2000,"BFA","Burkina Faso",0.0249650669548245,0.0236846952688963,1
2000,"BGD","Bangladesh",0.066254696806417,0.189686252668525,0
2000,"BGR","Bulgaria",0.00776994822530539,0.0326972077223852,0
2000,"BHR","Bahrain",0.0115237179921377,0.0582965302037307,0
2000,"BHS","Bahamas",0.00155247878229056,0.482957489531336,0
2000,"BIH","Bosnia Herzegovina",0.00113907218896294,0.0173766385570049,0
2000,"BLR","Belarus",0.00964177496776284,0.0121031751921918,0
2000,"BLZ","Belize",0.0062868341302478,0.441652490357158,0
2000,"BMU","Bermuda",0.00715700776390415,0.106236715772461,0
2000,"BOL","Bolivia (Plurinational State of)",0.0149640935397111,0.202513948592491,0
2000,"BRA","Brazil",0.0223955860870944,0.238613724631091,0
2000,"BRB","Barbados",0.00436677744571635,0.195820273116888,0
2000,"BRN","Brunei Darussalam",0.0147563002908031,0.107154424467311,0
2000,"BTN","Bhutan",0.063606039884848,0.0252748738589838,1
2000,"BWA","Botswana",0.00298161279163705,0.0179749196690692,0
2000,"CAF","Central African Rep.",0.00248588526733459,0.0110531268537621,0
2000,"CAN","Canada",0.0158433847924212,0.753443361628028,0
2000,"CCK","Cocos Isds",NA,0.138606268009935,NA
2000,"CHE","Switzerland",0.0125399387971175,0.110502814539874,0
2000,"CHL","Chile",0.0549972286463673,0.180083614865346,0
2000,"CHN","China",0.0248344515915801,0.165083335951004,0
2000,"CIV","Côte d'Ivoire",0.0213108096912554,0.0616240191957587,0
2000,"CMR","Cameroon",0.0423998502227634,0.041622927561307,1
2000,"COD","Dem. Rep. of the Congo",0.010580627580192,0.122596961021514,0
2000,"COG","Congo",0.124219303838486,0.222771763582653,0
2000,"COK","Cook Isds",0.00735170422956132,0.0823948835984434,0
2000,"COL","Colombia",0.0114897053633697,0.424349006148553,0
2000,"COM","Comoros",0.00660375913167467,0.0385694963505259,0
2000,"CPV","Cabo Verde",0.0272209978333188,0.0380995171318546,0
2000,"CRI","Costa Rica",0.00691624629354013,0.496101884616392,0
2000,"CUB","Cuba",0.0763833867598487,0.00150619873200437,1
2000,"CXR","Christmas Isds",NA,0.0432308424544647,NA
2000,"CYM","Cayman Isds",0.000962747076699952,0.242510664722645,0
2000,"CYP","Cyprus",0.0224054163297394,0.0497131751433007,0
2000,"CZE","Czechia",0.00983431726747857,0.033206166023055,0
2000,"DEU","Germany",0.021930931900715,0.090849634186987,0
2000,"DJI","Djibouti",0.105768074762179,0.033579327955079,1
2000,"DMA","Dominica",0.141337282219082,0.18075540840505,0
2000,"DNK","Denmark",0.016425574894992,0.0479175920838524,0
2000,"DOM","Dominican Rep.",0.0056552015184341,0.656429838111034,0
2000,"DZA","Algeria",0.00712231414602212,0.135792517024076,0
2000,"ECU","Ecuador",0.0158603487455719,0.328536560543677,0
2000,"EGY","Egypt",0.035839186881121,0.151501652006518,0
2000,"ERI","Eritrea",0.0159989205534123,0.105845519945683,0
2000,"ESH","Western Sahara",0.0044673115906253,0.00681351200385883,0
2000,"ESP","Spain",0.0141314050356592,0.047613623738772,0
2000,"EST","Estonia",0.0101600499004462,0.0367384451852902,0
2000,"ETH","Ethiopia",0.0424950860156426,0.0741045195544775,0
2000,"F19","Other Africa, nes",0.000579705845301594,NA,NA
2000,"FIN","Finland",0.0340286549266752,0.0650729552384247,0
2000,"FJI","Fiji",0.0122666721276012,0.119440804852342,0
2000,"FLK","Falkland Isds (Malvinas)",NA,0.0208750170618727,NA
2000,"FRA","France",0.0164040890423213,0.0833449218738343,0
2000,"FRO","Faeroe Isds",0.00825188849914351,0.0383256890510284,0
2000,"FSM","FS Micronesia",0.010243892346742,0.266608880701826,0
2000,"GAB","Gabon",0.0669010925113381,0.509592994363044,0
2000,"GBR","United Kingdom",0.0211170684207952,0.134591191369186,0
2000,"GEO","Georgia",0.00294252140444635,0.0832763690625415,0
2000,"GHA","Ghana",0.025808514545626,0.0760485864803966,0
2000,"GIB","Gibraltar",0.0130712053700937,0.00723941391550212,1
2000,"GIN","Guinea",0.0215436873391814,0.0937175524467016,0
2000,"GMB","Gambia",0.158055032437555,0.0271731292205861,1
2000,"GNB","Guinea-Bissau",0.0169784120764085,0.00291899532895763,1
2000,"GNQ","Equatorial Guinea",0.202042472486266,0.156647265446552,1
2000,"GRC","Greece",0.0165482608879658,0.0423774098162558,0
2000,"GRD","Grenada",0.00375249604261974,0.410460481093061,0
2000,"GRL","Greenland",0.00540355960391728,0.0189175846498048,0
2000,"GTM","Guatemala",0.0104196948378137,0.412194416828527,0
2000,"GUY","Guyana",0.0148316355187532,0.315664728028708,0
2000,"HKG","China, Hong Kong SAR",0.333338409601462,0.135313972815818,1
2000,"HMD","Heard Island and McDonald Islands",NA,0.437937926119122,NA
2000,"HND","Honduras",0.00610413669997415,0.61491732538613,0
2000,"HRV","Croatia",0.00762930216280854,0.0254278609351376,0
2000,"HTI","Haiti",0.0119698931749823,0.665819804367105,0
2000,"HUN","Hungary",0.0163517625458302,0.0495071632171465,0
2000,"IDN","Indonesia",0.0597230428093905,0.120145495300516,0
2000,"IND","India",0.0253063433273684,0.130935633840392,0
2000,"IOT","Br. Indian Ocean Terr.",NA,0.0353217289281937,NA
2000,"IRL","Ireland",0.00633048025075678,0.170416324155212,0
2000,"IRN","Iran",0.0318036922411917,0.00338234891505524,1
2000,"IRQ","Iraq",0.0485773872920577,0.302769219070679,0
2000,"ISL","Iceland",0.00942956266444755,0.107405158337031,0
2000,"ISR","Israel",0.0138822786879787,0.282868692109487,0
2000,"ITA","Italy",0.0168197698763528,0.0792372839076855,0
2000,"JAM","Jamaica",0.0142515924513097,0.433225366856051,0
2000,"JOR","Jordan",0.0363292900860896,0.0701843260645179,0
2000,"JPN","Japan",0.10022605108595,0.253179201309702,0
2000,"KAZ","Kazakhstan",0.0728266995468776,0.0308026367410199,1
2000,"KEN","Kenya",0.0274903005504049,0.0580085535771128,0
2000,"KGZ","Kyrgyzstan",0.119529141689459,0.0376068533666634,1
2000,"KHM","Cambodia",0.0571038368906506,0.258691923699817,0
2000,"KIR","Kiribati",0.0177746043714892,0.0813495140514925,0
2000,"KNA","Saint Kitts and Nevis",0.00130534106584491,0.486300963738542,0
2000,"KOR","Rep. of Korea",0.102521410073497,0.210848793186311,0
2000,"KWT","Kuwait",0.013979980326873,0.0632838349542935,0
2000,"LAO","Lao People's Dem. Rep.",0.0420294276778639,0.0141198846055152,1
2000,"LBN","Lebanon",0.0335045468330696,0.0685157249325779,0
2000,"LBR","Liberia",0.0282699148306983,0.0155227588642135,1
2000,"LBY","Libya",0.00437182660205875,0.00202464489115393,1
2000,"LCA","Saint Lucia",0.0119535084578104,0.322161165994992,0
2000,"LKA","Sri Lanka",0.0310720757449367,0.201645478541791,0
2000,"LSO","Lesotho",0.0204362953703691,0.18365176947207,0
2000,"LTU","Lithuania",0.00649863262910605,0.0266351553938163,0
2000,"LUX","Luxembourg",0.00555538488359868,0.0473620958056094,0
2000,"LVA","Latvia",0.00374298757057154,0.0411686676575385,0
2000,"MAC","China, Macao SAR",0.196478955071655,0.280494906441304,0
2000,"MAR","Morocco",0.0170765182148196,0.0497446507983086,0
2000,"MDA","Rep. of Moldova",0.00384407792971061,0.0624674674484419,0
2000,"MDG","Madagascar",0.0509478559318573,0.0953944358782595,0
2000,"MDV","Maldives",0.00304573670601736,0.134372261262142,0
2000,"MEX","Mexico",0.00768789151140435,0.8000798318661,0
2000,"MHL","Marshall Isds",0.00261355556378141,0.0909139521003542,0
2000,"MKD","North Macedonia",0.00298087919877248,0.0661262202249598,0
2000,"MLI","Mali",0.0146461684114986,0.0196702802546448,0
2000,"MLT","Malta",0.0113907964738277,0.138178488637727,0
2000,"MMR","Myanmar",0.138293643070804,0.108583381447198,1
2000,"MNG","Mongolia",0.309761835411962,0.129768075685383,1
2000,"MOZ","Mozambique",0.0143367099868501,0.0340426589366506,0
2000,"MRT","Mauritania",0.0186980830897494,0.0229483984163436,0
2000,"MSR","Montserrat",0.00126133227333863,0.424707147109728,0
2000,"MUS","Mauritius",0.0378174941941844,0.0939937505233947,0
2000,"MWI","Malawi",0.0145807137355934,0.0655422302608305,0
2000,"MYS","Malaysia",0.0369971811704652,0.18169048203977,0
2000,"MYT","Mayotte (Overseas France)",0.0332847552400485,0.0221997676031953,1
2000,"NAM","Namibia",0.00489634546351354,0.0475169099587815,0
2000,"NCL","New Caledonia",0.00890377337982254,0.0372697762253645,0
2000,"NER","Niger",0.0287949488930919,0.0657680419529548,0
2000,"NFK","Norfolk Isds",0.030275186954093,0.0912168793792114,0
2000,"NGA","Nigeria",0.0192423167760027,0.360757931599818,0
2000,"NIC","Nicaragua",0.0109210156177968,0.331846072130593,0
2000,"NIU","Niue",NA,0.0101016291865483,NA
2000,"NLD","Netherlands",0.0182254829636504,0.0736621462636037,0
2000,"NOR","Norway",0.012678821547781,0.0793439142130689,0
2000,"NPL","Nepal",0.0831762787480676,0.12434179275632,0
2000,"NRU","Nauru",0.000526567204903508,0.0558277939294353,0
2000,"NZL","New Zealand",0.0425561607213652,0.152257105089993,0
2000,"O19","Oceania, nes",0.00798031229181316,NA,NA
2000,"OMN","Oman",0.19296110564402,0.0248531558660242,1
2000,"PAK","Pakistan",0.0739398824002925,0.167216316292766,0
2000,"PAN","Panama",0.0527700270026627,0.13631644289314,0
2000,"PCN","Pitcairn",NA,0.0733176401478304,NA
2000,"PER","Peru",0.0516701047082411,0.256532005020268,0
2000,"PHL","Philippines",0.0285366178073419,0.249729846034854,0
2000,"PLW","Palau",0.0479921065002259,0.391437030887119,0
2000,"PNG","Papua New Guinea",0.021349127153463,0.0135237783826298,1
2000,"POL","Poland",0.0155623762211356,0.0317671082575897,0
2000,"PRK","Dem. People's Rep. of Korea",0.166700022496221,0.000987229035848832,1
2000,"PRT","Portugal",0.00548500249560404,0.0398280588808702,0
2000,"PRY","Paraguay",0.037378673495179,0.0716102266437329,0
2000,"PSE","State of Palestine",0.0290049752218761,0.0652686877791728,0
2000,"PYF","French Polynesia",0.013496962345101,0.129239150193058,0
2000,"QAT","Qatar",0.0318017675507918,0.0492656460635099,0
2000,"ROU","Romania",0.0117721846492593,0.0312675636012837,0
2000,"RUS","Russian Federation",0.0483190793576008,0.0581943905428963,0
2000,"RWA","Rwanda",0.0258311808915078,0.1035081390578,0
2000,"S19","Other Asia, nes",0.0909793441743098,0.193411180755176,0
2000,"SAU","Saudi Arabia",0.012372684854311,0.0763361695993566,0
2000,"SCG","Serbia and Montenegro (...2005)",0.0137641132098416,0.00990250232635488,1
2000,"SDN","Sudan (...2011)",0.295934055128618,0.00795743750105211,1
2000,"SEN","Senegal",0.0214018007385734,0.0292061756417512,0
2000,"SGP","Singapore",0.0456251327297609,0.158783888744266,0
2000,"SHN","Saint Helena",NA,0.0592717440368125,NA
2000,"SLB","Solomon Isds",0.0680657614259971,0.0305801271925827,1
2000,"SLE","Sierra Leone",0.035392061096872,0.0487328486538444,0
2000,"SLV","El Salvador",0.00689006071524591,0.577126506634372,0
2000,"SMR","San Marino",0.00398694735215537,0.0549289524579236,0
2000,"SOM","Somalia",0.00243996157256595,0.0122486322432392,0
2000,"SPM","Saint Pierre and Miquelon",NA,0.124012394733052,NA
2000,"STP","Sao Tome and Principe",0.00223777292532163,0.0184545904012977,0
2000,"SUR","Suriname",0.00928561192869068,0.159913399297743,0
2000,"SVK","Slovakia",0.00498567539362103,0.0162014137082942,0
2000,"SVN","Slovenia",0.0058661671682893,0.0274672984296258,0
2000,"SWE","Sweden",0.0199384887901211,0.0855397692227942,0
2000,"SWZ","Eswatini",0.00233861890506633,0.0639618969652159,0
2000,"SYC","Seychelles",0.00468030602749871,0.0182975590001775,0
2000,"SYR","Syria",0.0194929010845347,0.0430549446275381,0
2000,"TCA","Turks and Caicos Isds",0.00107848837309882,0.734283658373847,0
2000,"TCD","Chad",0.00269528198942677,0.0651763371134177,0
2000,"TGO","Togo",0.0533715675353792,0.0131338631867502,1
2000,"THA","Thailand",0.047968860005274,0.168589085982971,0
2000,"TJK","Tajikistan",0.0132338822128276,0.00883300233725071,1
2000,"TKL","Tokelau",NA,0.552757568605251,NA
2000,"TKM","Turkmenistan",0.00523273171183599,0.0245589184392606,0
2000,"TLS","Timor-Leste",NA,0.00171295383282639,NA
2000,"TON","Tonga",0.0222722545558817,0.124266310962023,0
2000,"TTO","Trinidad and Tobago",0.00526589841953105,0.431842241229487,0
2000,"TUN","Tunisia",0.00676900436011295,0.027738892740825,0
2000,"TUR","Türkiye",0.0162900084399453,0.0850277224439408,0
2000,"TUV","Tuvalu",NA,0.00337519878394684,NA
2000,"TZA","United Rep. of Tanzania",0.0299385622355655,0.0283555930078827,1
2000,"UGA","Uganda",0.0179749463139381,0.0386314872790862,0
2000,"UKR","Ukraine",0.0228859036100781,0.0371401911881151,0
2000,"URY","Uruguay",0.0419588355090587,0.105779208615636,0
2000,"USA","USA",0.0476968614510243,NA,NA
2000,"UZB","Uzbekistan",0.0102072639445942,0.0394504671116913,0
2000,"VAT","Holy See (Vatican City State)",NA,0.197077699763436,NA
2000,"VCT","Saint Vincent and the Grenadines",0.0208120974397498,0.156221850197116,0
2000,"VEN","Venezuela",0.00603469366204187,0.509320023150746,0
2000,"VGB","Br. Virgin Isds",0.000135026966341352,0.0182525959855662,0
2000,"VNM","Viet Nam",0.0905287907880277,0.0382940381350809,1
2000,"VUT","Vanuatu",0.00670454759644662,0.00867764163524938,0
2000,"WLF","Wallis and Futuna Isds",0.0272243251630761,0.0174480703611089,1
2000,"WSM","Samoa",0.00866451012992583,0.294974554714057,0
2000,"YEM","Yemen",0.154700702757641,0.0755067268033462,1
2000,"ZAF","South Africa",0.0273060112863568,0.104093020347495,0
2000,"ZMB","Zambia",0.0315629307899461,0.0235540346675938,1
2000,"ZWE","Zimbabwe",0.0266165908542562,0.0368320619141278,0
2000,"_X ","Areas, nes",5.68841205933132e-05,0.0047879188415449,0
2020,"A59","North America and Central America, nes",0.0230346574184308,NA,NA
2020,"A79","LAIA, nes",0.000509021934574115,NA,NA
2020,"ABW","Aruba",0.0392696478901968,0.360696345627702,0
2020,"AFG","Afghanistan",0.0526813379328301,0.0653038244821634,0
2020,"AGO","Angola",0.490021623743389,0.0309851866002336,1
2020,"AIA","Anguilla",NA,0.257686483090774,NA
2020,"ALB","Albania",0.075481080853772,0.0137866091853687,1
2020,"AND","Andorra",0.0123769257787491,0.00365727640147996,1
2020,"ARE","United Arab Emirates",0.0820916758837174,0.0338281652329296,1
2020,"ARG","Argentina",0.137514279793309,0.089297291074672,1
2020,"ARM","Armenia",0.142566367865732,0.0177403502009933,1
2020,"ATF","Fr. South Antarctic Terr.",NA,0.0171397229195497,NA
2020,"ATG","Antigua and Barbuda",0.0855954930411351,0.282282608500062,0
2020,"AUS","Australia",0.338876497925513,0.0789261476461793,1
2020,"AUT","Austria",0.0402526266803917,0.0486750845685835,0
2020,"AZE","Azerbaijan",0.0678512151189624,0.018500791266015,1
2020,"BDI","Burundi",0.116863721111067,0.0113757538374622,1
2020,"BEL","Belgium",0.035589075173456,0.070497684413786,0
2020,"BEN","Benin",0.158130821147993,0.0338032949904159,1
2020,"BES","Bonaire",1.2293116345436e-05,NA,NA
2020,"BFA","Burkina Faso",0.0564651610223982,0.0235642624843277,1
2020,"BGD","Bangladesh",0.174535841977043,0.0896287667852354,1
2020,"BGR","Bulgaria",0.0431528881175934,0.017659287083492,1
2020,"BHR","Bahrain",0.0564289327444741,0.0549100587946549,1
2020,"BHS","Bahamas",0.0337867484267078,0.455155809576775,0
2020,"BIH","Bosnia Herzegovina",0.0324586699419292,0.0129132654344414,1
2020,"BLR","Belarus",0.0613728644465006,0.00919017370987845,1
2020,"BLZ","Belize",0.0738373955580691,0.276760505728291,0
2020,"BMU","Bermuda",0.0151652461217811,0.274338390635955,0
2020,"BOL","Bolivia (Plurinational State of)",0.109342912653763,0.0645371055159059,1
2020,"BRA","Brazil",0.2891266128987,0.142393608838411,1
2020,"BRB","Barbados",0.0376309200547249,0.345990595130903,0
2020,"BRN","Brunei Darussalam",0.154505203681759,0.0243792109669952,1
2020,"BTN","Bhutan",0.0131333524221442,0.00318076286428446,1
2020,"BWA","Botswana",0.0234976725200299,0.0160745865400933,1
2020,"CAF","Central African Rep.",0.147690077367473,0.034967695312758,1
2020,"CAN","Canada",0.0865105936429588,0.625633078308089,0
2020,"CCK","Cocos Isds",NA,0.138834820378271,NA
2020,"CHE","Switzerland",0.047314632337691,0.153791406492352,0
2020,"CHL","Chile",0.33617274905068,0.16366471778616,1
2020,"CHN","China",0.0499161925078447,0.116621784082317,0
2020,"CIV","Côte d'Ivoire",0.106461079696511,0.051219684258937,1
2020,"CMR","Cameroon",0.213003878806708,0.0470984075784524,1
2020,"COD","Dem. Rep. of the Congo",0.419762722418316,0.0412361638050715,1
2020,"COG","Congo",0.432572836319165,0.0297547294626246,1
2020,"COK","Cook Isds",0.0589130558052478,0.0415553056986521,1
2020,"COL","Colombia",0.174845153975782,0.283553197128849,0
2020,"COM","Comoros",0.133250504079328,0.00947070448087259,1
2020,"CPV","Cabo Verde",0.08532247336838,0.0220753703031181,1
2020,"CRI","Costa Rica",0.0794565411744759,0.387034749517569,0
2020,"CUB","Cuba",0.140497243904284,0.0238145778216664,1
2020,"CUW","Curaçao",0.0431057026791863,0.289531528966809,0
2020,"CXR","Christmas Isds",NA,0.0525548156232177,NA
2020,"CYM","Cayman Isds",0.00643000757052963,0.199767852540807,0
2020,"CYP","Cyprus",0.0550516314711144,0.0116931818565232,1
2020,"CZE","Czechia",0.076890643932025,0.0256252347788494,1
2020,"DEU","Germany",0.0872612479516617,0.0742779740659487,1
2020,"DJI","Djibouti",0.410305595140393,0.0411137628823935,1
2020,"DMA","Dominica",0.0584559753490807,0.345243082313864,0
2020,"DNK","Denmark",0.0598654609218743,0.0538185755311843,1
2020,"DOM","Dominican Rep.",0.107354627985102,0.46418369173447,0
2020,"DZA","Algeria",0.116651959299233,0.0216755414300881,1
2020,"E19","Other Europe, nes",2.85615756701139e-05,NA,NA
2020,"ECU","Ecuador",0.191077852542585,0.248901510296239,0
2020,"EGY","Egypt",0.131905609122974,0.0659207924109181,1
2020,"ERI","Eritrea",0.392441247153731,0.0196348495407733,1
2020,"ESH","Western Sahara",0.119765016653404,0.28152083941173,0
2020,"ESP","Spain",0.0626815744680334,0.0456434149638785,1
2020,"EST","Estonia",0.0434577708895613,0.0449441245781951,0
2020,"ETH","Ethiopia",0.23661239261254,0.0841417472662608,1
2020,"F19","Other Africa, nes",0.0226296451066269,NA,NA
2020,"FIN","Finland",0.0613611521779448,0.0530366552436543,1
2020,"FJI","Fiji",0.1334784265681,0.109027379183923,1
2020,"FLK","Falkland Isds (Malvinas)",NA,0.0206548533278425,NA
2020,"FRA","France",0.0595887814649563,0.0636858245547518,0
2020,"FRO","Faeroe Isds",0.0260684122620432,0.0595095350212252,0
2020,"FSM","FS Micronesia",0.0973390537595292,0.210880183124069,0
2020,"GAB","Gabon",0.346036797554375,0.0388205691108634,1
2020,"GBR","United Kingdom",0.0917993973209942,0.1101276782252,0
2020,"GEO","Georgia",0.113126346504969,0.0542867610000381,1
2020,"GHA","Ghana",0.27779826308032,0.051836533745929,1
2020,"GIB","Gibraltar",0.00038453798466143,0.140585510999343,0
2020,"GIN","Guinea",0.256250129956948,0.00857252234926786,1
2020,"GMB","Gambia",0.192301963177226,0.0165843634235621,1
2020,"GNB","Guinea-Bissau",0.0906772994452064,0.00809958191082605,1
2020,"GNQ","Equatorial Guinea",0.290469078005492,0.0539673468416643,1
2020,"GRC","Greece",0.0713938563965639,0.0285559730294853,1
2020,"GRD","Grenada",0.0363631346845625,0.331109051216526,0
2020,"GRL","Greenland",0.122741856911293,0.0169929706494264,1
2020,"GTM","Guatemala",0.0900012500694361,0.346413086149782,0
2020,"GUY","Guyana",0.0840518032424181,0.289401541187065,0
2020,"HKG","China, Hong Kong SAR",0.456812664693416,0.0519230407811222,1
2020,"HMD","Heard Island and McDonald Islands",NA,0.0410266106533721,NA
2020,"HND","Honduras",0.0733655846419977,0.410419295427747,0
2020,"HRV","Croatia",0.0358573994703838,0.0196681740648094,1
2020,"HTI","Haiti",0.13533624213408,0.430391147602137,0
2020,"HUN","Hungary",0.0498868517316577,0.0293253301668676,1
2020,"IDN","Indonesia",0.235380130816145,0.0879681169446531,1
2020,"IND","India",0.132261865916349,0.125384393670935,1
2020,"IOT","Br. Indian Ocean Terr.",NA,0.103703661528209,NA
2020,"IRL","Ireland",0.063670822140684,0.25333237349046,0
2020,"IRN","Iran",0.264439301680368,0.000927509437680674,1
2020,"IRQ","Iraq",0.259757499044041,0.0347056429575478,1
2020,"ISL","Iceland",0.0390734152928463,0.0742703588257628,0
2020,"ISR","Israel",0.115761185606461,0.184633529177074,0
2020,"ITA","Italy",0.0575018823655941,0.073450333622829,0
2020,"JAM","Jamaica",0.0931129315927421,0.396919302865693,0
2020,"JOR","Jordan",0.123638264943806,0.12228906209528,1
2020,"JPN","Japan",0.244951418551827,0.148400893295146,1
2020,"KAZ","Kazakhstan",0.209872653065303,0.0152303289530921,1
2020,"KEN","Kenya",0.195383796018258,0.0419062340679139,1
2020,"KGZ","Kyrgyzstan",0.25092244195048,0.0109368714219919,1
2020,"KHM","Cambodia",0.201776731603454,0.145731604137573,1
2020,"KIR","Kiribati",0.0946418768651596,0.0120927475618299,1
2020,"KNA","Saint Kitts and Nevis",0.0371227809948462,0.499243567676968,0
2020,"KOR","Rep. of Korea",0.264662986773079,0.131389460874342,1
2020,"KWT","Kuwait",0.112380628134608,0.0305750754802694,1
2020,"LAO","Lao People's Dem. Rep.",0.277548039065539,0.0125557974450718,1
2020,"LBN","Lebanon",0.0554310143831736,0.0609781276574273,0
2020,"LBR","Liberia",0.205196212452303,0.0150227742427022,1
2020,"LBY","Libya",0.123991180632275,0.0247913943143766,1
2020,"LCA","Saint Lucia",0.0335318264140075,0.398326052450581,0
2020,"LKA","Sri Lanka",0.152575416099905,0.115690087819608,1
2020,"LSO","Lesotho",0.0357857776428053,0.123706659667717,0
2020,"LTU","Lithuania",0.0320842300194274,0.0354925138540205,0
2020,"LUX","Luxembourg",0.0276163996161154,0.0369204037729693,0
2020,"LVA","Latvia",0.032045945153019,0.0194874795050071,1
2020,"MAC","China, Macao SAR",0.249685518397659,0.058313008765959,1
2020,"MAR","Morocco",0.0732029518137793,0.0502897725083042,1
2020,"MDA","Rep. of Moldova",0.0521760254787108,0.0123233074647511,1
2020,"MDG","Madagascar",0.174277320024138,0.103615913569226,1
2020,"MDV","Maldives",0.144340987857595,0.0229284622351718,1
2020,"MEX","Mexico",0.0870835873140582,0.636380017536762,0
2020,"MHL","Marshall Isds",0.206162754115663,0.0112168720352788,1
2020,"MKD","North Macedonia",0.0371394232611906,0.0159990115233444,1
2020,"MLI","Mali",0.0654936403822874,0.0104458583423019,1
2020,"MLT","Malta",0.077872875659468,0.020586603215339,1
2020,"MMR","Myanmar",0.38452921690699,0.0330690211071578,1
2020,"MNE","Montenegro",0.075713856698188,0.0141901205668391,1
2020,"MNG","Mongolia",0.591119320404366,0.0161935980199873,1
2020,"MOZ","Mozambique",0.134773249678236,0.0177837400510671,1
2020,"MRT","Mauritania",0.260887579319237,0.0165782614538738,1
2020,"MSR","Montserrat",0.0130848403596081,0.448284417062666,0
2020,"MUS","Mauritius",0.127371159126419,0.0456112443067124,1
2020,"MWI","Malawi",0.122096250662991,0.0213394141860842,1
2020,"MYS","Malaysia",0.218992707672176,0.104550475030553,1
2020,"NAM","Namibia",0.0888113299596539,0.018626394223662,1
2020,"NCL","New Caledonia",0.322909308545791,0.0231961312492269,1
2020,"NER","Niger",0.133952187855269,0.0547588214315968,1
2020,"NFK","Norfolk Isds",0.0344931180881718,0.205290772549941,0
2020,"NGA","Nigeria",0.211975383752717,0.059889446955354,1
2020,"NIC","Nicaragua",0.0609363312344073,0.419937185338089,0
2020,"NIU","Niue",NA,0.00391285301211068,NA
2020,"NLD","Netherlands",0.076623016558914,0.0676574195414238,1
2020,"NOR","Norway",0.082812113030739,0.048341094465294,1
2020,"NPL","Nepal",0.126481407011592,0.0222344722050983,1
2020,"NRU","Nauru",0.0104156148654849,0.0225291699307759,0
2020,"NZL","New Zealand",0.241928565231452,0.100745807937382,1
2020,"OMN","Oman",0.147697943048566,0.0250673289647518,1
2020,"PAK","Pakistan",0.225544167309906,0.0975399061202075,1
2020,"PAN","Panama",0.191889877681663,0.150325428900574,1
2020,"PCN","Pitcairn",NA,0.0017710522882584,NA
2020,"PER","Peru",0.289452991512883,0.171041348741188,1
2020,"PHL","Philippines",0.25583721106398,0.10090375167486,1
2020,"PLW","Palau",0.224685976574906,0.201614875841847,1
2020,"PNG","Papua New Guinea",0.198881726012977,0.0100859213168203,1
2020,"POL","Poland",0.0692431280113451,0.028367158864382,1
2020,"PRK","Dem. People's Rep. of Korea",0.432916885244177,NA,NA
2020,"PRT","Portugal",0.0399870303806913,0.0365854435770134,1
2020,"PRY","Paraguay",0.120668720310855,0.0651424937342758,1
2020,"PSE","State of Palestine",0.0391516116164343,0.00839541063018169,1
2020,"PYF","French Polynesia",0.101648857625442,0.0934156196745826,1
2020,"QAT","Qatar",0.137999464941158,0.0606907162477186,1
2020,"ROU","Romania",0.0447812220076445,0.0166293897194395,1
2020,"RUS","Russian Federation",0.188359452482922,0.0414722805147151,1
2020,"RWA","Rwanda",0.13265684356246,0.0211476968984303,1
2020,"S19","Other Asia, nes",0.329826181837646,0.117614984430486,1
2020,"SAU","Saudi Arabia",0.138263539808952,0.050414459674594,1
2020,"SDN","Sudan",0.25204378344635,0.0121100656288891,1
2020,"SEN","Senegal",0.144963687054227,0.0267834931883838,1
2020,"SGP","Singapore",0.148010395396533,0.105187576718398,1
2020,"SHN","Saint Helena",NA,0.154042733603257,NA
2020,"SLB","Solomon Isds",0.520211302533859,0.00896590645863109,1
2020,"SLE","Sierra Leone",0.298230069431012,0.0599972869097153,1
2020,"SLV","El Salvador",0.090490928474314,0.319724182217092,0
2020,"SMR","San Marino",0.0191272573250386,0.0296090443861242,0
2020,"SOM","Somalia",0.182464252052006,0.0120527466091897,1
2020,"SPM","Saint Pierre and Miquelon",0.0046649874741129,0.00391777448156804,1
2020,"SRB","Serbia",0.0632318406020022,0.0158927598597769,1
2020,"SSD","South Sudan",0.421405697347134,0.0202638533250738,1
2020,"STP","Sao Tome and Principe",0.106360715581734,0.00919291456954531,1
2020,"SUR","Suriname",0.056689368978899,0.120612899709724,0
2020,"SVK","Slovakia",0.0512124639054697,0.0283573092046386,1
2020,"SVN","Slovenia",0.0467959610899487,0.0193174076657482,1
2020,"SWE","Sweden",0.0601463326315409,0.0582383917576125,1
2020,"SWZ","Eswatini",0.023081465984758,0.0143454034296154,1
2020,"SXM","Sint Maarten",NA,0.677744427925463,NA
2020,"SYC","Seychelles",0.0188983460891458,0.00841199203400187,1
2020,"SYR","Syria",0.141527453802869,0.00212247128333677,1
2020,"TCA","Turks and Caicos Isds",0.00740248429776226,0.582512460961068,0
2020,"TCD","Chad",0.272102190879263,0.0188131629484211,1
2020,"TGO","Togo",0.193149984035544,0.0256974674828189,1
2020,"THA","Thailand",0.195892305729429,0.109638475349504,1
2020,"TJK","Tajikistan",0.173309666015985,0.00525997242597273,1
2020,"TKL","Tokelau",NA,0.0470047440798283,NA
2020,"TKM","Turkmenistan",0.656007798713617,0.00351349527457036,1
2020,"TLS","Timor-Leste",0.175036311244724,0.0193943317082968,1
2020,"TON","Tonga",0.173817672262428,0.0948773353701943,1
2020,"TTO","Trinidad and Tobago",0.0550149084967509,0.374912880522856,0
2020,"TUN","Tunisia",0.0546500585796273,0.0275890982669246,1
2020,"TUR","Türkiye",0.0613973026112032,0.0533961965415082,1
2020,"TUV","Tuvalu",0.12357917049584,0.0133459185188311,1
2020,"TZA","United Rep. of Tanzania",0.207581702030104,0.0195668385461853,1
2020,"UGA","Uganda",0.104181875659583,0.0181835131765128,1
2020,"UKR","Ukraine",0.143250264147481,0.0338988133282504,1
2020,"URY","Uruguay",0.202519300294843,0.094630443670163,1
2020,"USA","USA",0.154645860397185,NA,NA
2020,"UZB","Uzbekistan",0.173609414701019,0.00677579374756544,1
2020,"VAT","Holy See (Vatican City State)",0.0110222978455922,0.0267439069922554,0
2020,"VCT","Saint Vincent and the Grenadines",0.0389660970844205,0.225292049706892,0
2020,"VEN","Venezuela",0.162033543932862,0.103443831977254,1
2020,"VGB","Br. Virgin Isds",0.00469267839387639,0.14973437529835,0
2020,"VNM","Viet Nam",0.272688830910422,0.154241765466459,1
2020,"VUT","Vanuatu",0.132186844122338,0.0205929745385887,1
2020,"WLF","Wallis and Futuna Isds",0.019409205381934,0.0209506263934774,0
2020,"WSM","Samoa",0.212044454200063,0.0763028761478024,1
2020,"YEM","Yemen",0.273431434528451,0.0257849517048696,1
2020,"ZAF","South Africa",0.172255146472118,0.0786257016386755,1
2020,"ZMB","Zambia",0.262016104256836,0.0102775674949405,1
2020,"ZWE","Zimbabwe",0.103745126675924,0.00781894645259502,1
2020,"_X ","Areas, nes",0.00404559759321005,NA,NA
